{"main":"api.json","name":"Twilio System API","organizationId":"fc9e3283-a489-4e88-99aa-cceea4aa5ea1","groupId":"fc9e3283-a489-4e88-99aa-cceea4aa5ea1","assetId":"twilio-system-api","version":"1.0.1","metadata":{"branchId":"main","commitId":"48b68393a9bd6db41a9a205a7ba0e54183e70299","projectId":"3ff4292e-3032-4cce-8d39-57db51c8bc3f"},"apiVersion":"v1","classifier":"oas","dependencies":[{"assetId":"gon-common-api-fragments","groupId":"fc9e3283-a489-4e88-99aa-cceea4aa5ea1","version":"1.0.4"}],"tags":[],"originalFormatVersion":"1.0"}